dataset,model,metric,mean,std,median,min,max
datasets\batlik\corona.csv,LinearRegression,MAPE,0.12122445298691269,0.003911199105625847,0.12077534233864283,0.11576193065029391,0.13611101300736392
datasets\batlik\corona.csv,LinearRegression,MAE,0.18082808106657783,0.0054265587380407316,0.18049548540014823,0.16938284292691538,0.19504128253350805
datasets\batlik\corona.csv,LinearRegression,RMSE,0.26145885822174464,0.009409251146385321,0.26186659092939324,0.2417712940258763,0.28495866864983715
datasets\batlik\corona.csv,RandomForest,MAPE,0.03334943683641242,0.0008722928529115466,0.03355301005129671,0.031532307508427386,0.03482308109882123
datasets\batlik\corona.csv,RandomForest,MAE,0.04865575231481487,0.0014037118901039506,0.04879717881944443,0.04526987847222216,0.05100269097222218
datasets\batlik\corona.csv,RandomForest,RMSE,0.06539985858172649,0.0019708265994400386,0.06560905291973584,0.05987271238525993,0.06932225707174308
datasets\batlik\cranium.csv,LinearRegression,MAPE,0.0334145252864677,0.0010699446134254883,0.03330768569471234,0.03158528674915276,0.036187917845383395
datasets\batlik\cranium.csv,LinearRegression,MAE,0.06973344469854229,0.0022498503127101415,0.06972948750226145,0.06585145961879163,0.07394448990009196
datasets\batlik\cranium.csv,LinearRegression,RMSE,0.09736920428646739,0.0031850200597930514,0.09741495965070288,0.09148423069161128,0.10316920718148632
datasets\batlik\cranium.csv,RandomForest,MAPE,0.020125191624664397,0.0005239480358275357,0.02014745886131409,0.019113897412223736,0.021392651759741605
datasets\batlik\cranium.csv,RandomForest,MAE,0.04043070891203705,0.0010479012650893977,0.0404573350694445,0.0385224826388889,0.042994704861111094
datasets\batlik\cranium.csv,RandomForest,RMSE,0.052578240350500585,0.0012970999493442214,0.052617890498277115,0.05002582661978764,0.055140440053923
datasets\batlik\cubus.csv,LinearRegression,MAPE,0.039400038913651486,0.0009942441529934244,0.03933425242440339,0.0379274360954219,0.04150889057209792
datasets\batlik\cubus.csv,LinearRegression,MAE,0.24311697465707077,0.006639814352390809,0.24338335365559802,0.2324400442821156,0.2572355671957183
datasets\batlik\cubus.csv,LinearRegression,RMSE,0.3332129957752505,0.009587140199507904,0.3352896409377062,0.31819122165047503,0.3556450877994348
datasets\batlik\cubus.csv,RandomForest,MAPE,0.018833103785774585,0.0004248835373747746,0.018869523339809142,0.017926953730117712,0.0196945087493279
datasets\batlik\cubus.csv,RandomForest,MAE,0.11696325810185204,0.0031331454618627685,0.11725047743055583,0.110822482638889,0.12405468750000044
datasets\batlik\cubus.csv,RandomForest,RMSE,0.15050691599766028,0.0045762966043856245,0.15030487354629704,0.14105746804949693,0.1610275874074075
datasets\batlik\flame.csv,LinearRegression,MAPE,0.03211198980204419,0.0008665172637828584,0.03216904448079355,0.03051354750278869,0.033589923135819884
datasets\batlik\flame.csv,LinearRegression,MAE,0.05800921017569582,0.0017109884482500368,0.05797041322681548,0.05487533570315401,0.06087541176893051
datasets\batlik\flame.csv,LinearRegression,RMSE,0.07705552343394809,0.002146002232134391,0.0773773945219676,0.07334504018168017,0.08055528406463996
datasets\batlik\flame.csv,RandomForest,MAPE,0.020175709235044286,0.0004924874381640172,0.020165717625339065,0.01900823466098746,0.021132476584186377
datasets\batlik\flame.csv,RandomForest,MAE,0.03650678240740752,0.0008822845932658166,0.036361848958333484,0.034626128472222364,0.03835668402777795
datasets\batlik\flame.csv,RandomForest,RMSE,0.046831028816505776,0.001156714323412799,0.04646277248480922,0.04451964341921027,0.04927100444825829
datasets\batlik\france.csv,LinearRegression,MAPE,0.03971469687640581,0.0008372526583765676,0.039724810169814974,0.037986084568950584,0.041306421474981043
datasets\batlik\france.csv,LinearRegression,MAE,0.1461728543084523,0.003411608472451811,0.1467607075219448,0.1375938118039804,0.15168996514651928
datasets\batlik\france.csv,LinearRegression,RMSE,0.19254590500180996,0.004426386493167453,0.19334042209177504,0.1833154555220207,0.20366225646079508
datasets\batlik\france.csv,RandomForest,MAPE,0.022665844773728745,0.0006772813021433973,0.022682310224314065,0.02138452697518263,0.024221247193801032
datasets\batlik\france.csv,RandomForest,MAE,0.07970489583333339,0.0024204092206814333,0.07975468750000003,0.07479210069444471,0.08473038194444456
datasets\batlik\france.csv,RandomForest,RMSE,0.10231647254815705,0.0030666422141730825,0.10185682833520163,0.09616919436759593,0.10969265813686892
datasets\batlik\frisco.csv,LinearRegression,MAPE,0.05099592401875642,0.001499497572761257,0.05094775281850464,0.04765748716676281,0.05429701337837608
datasets\batlik\frisco.csv,LinearRegression,MAE,0.24728585205219836,0.007670923948092878,0.2470381729206484,0.22872204249454342,0.2635922628881194
datasets\batlik\frisco.csv,LinearRegression,RMSE,0.3323027163876179,0.01255669743272088,0.3329862153093065,0.3067436828628341,0.3615769012623602
datasets\batlik\frisco.csv,RandomForest,MAPE,0.032506749215989596,0.0009709604112197289,0.03244330359696835,0.030569668640581873,0.03500338388171562
datasets\batlik\frisco.csv,RandomForest,MAE,0.1503158449074074,0.004281661891612567,0.14957934027777753,0.1415260416666666,0.1624455729166664
datasets\batlik\frisco.csv,RandomForest,RMSE,0.19008852611639304,0.004879394130187889,0.1893835350647446,0.17995633505392805,0.20179926033401144
datasets\batlik\jelly.csv,LinearRegression,MAPE,0.17029317381625592,0.005192472886629026,0.169570631184997,0.15751150625700483,0.18469492278272762
datasets\batlik\jelly.csv,LinearRegression,MAE,0.3246416653816159,0.007030275854686614,0.3255317879410584,0.3117027537405359,0.3417354639428299
datasets\batlik\jelly.csv,LinearRegression,RMSE,0.4448005105849153,0.018822715914267412,0.44680547026358297,0.4103959816993808,0.49335574081204775
datasets\batlik\jelly.csv,RandomForest,MAPE,0.022981072253046252,0.0007280291042346015,0.02309100914891986,0.021744338715218376,0.02484598222174037
datasets\batlik\jelly.csv,RandomForest,MAE,0.04326756365740748,0.002129512674748616,0.04309952256944445,0.04028854166666689,0.048202083333333465
datasets\batlik\jelly.csv,RandomForest,RMSE,0.07158584383410843,0.0067377615301105155,0.06991470352536712,0.05953925824671869,0.0838267012473587
datasets\batlik\karte.csv,LinearRegression,MAPE,0.15050713546295216,0.0028130759314795957,0.14986520798656802,0.14562532732749855,0.1558256677591768
datasets\batlik\karte.csv,LinearRegression,MAE,1.4906865291353066,0.021841288872378253,1.4851696265937107,1.4457747091992093,1.5331389148214634
datasets\batlik\karte.csv,LinearRegression,RMSE,1.8639716634658658,0.03952106758987019,1.8678148886365489,1.8005103794899178,1.9464397819978798
datasets\batlik\karte.csv,RandomForest,MAPE,0.01920970523004593,0.00046337565273653136,0.019175257729351226,0.01833990203381726,0.020734497934894732
datasets\batlik\karte.csv,RandomForest,MAE,0.24023704571759244,0.007404808405108041,0.24034396701388822,0.22608671875000022,0.2618471354166663
datasets\batlik\karte.csv,RandomForest,RMSE,0.32150786269342463,0.010857016905944315,0.32003710563136967,0.3021056071960688,0.3450821023545717
datasets\batlik\mandelbrot.csv,LinearRegression,MAPE,0.04643506108609332,0.0012696852818647679,0.04645738466273222,0.04319000869589515,0.04992706255671228
datasets\batlik\mandelbrot.csv,LinearRegression,MAE,0.061533943415440516,0.0018002396549899932,0.06149772275247399,0.05657255828555065,0.06508536012063347
datasets\batlik\mandelbrot.csv,LinearRegression,RMSE,0.08430974811023496,0.0024345104016664262,0.08478913901051101,0.07789803913683743,0.08877331057686089
datasets\batlik\mandelbrot.csv,RandomForest,MAPE,0.02142439283132008,0.0006359511472201299,0.021413718503989782,0.020294824072295346,0.022462953801360843
datasets\batlik\mandelbrot.csv,RandomForest,MAE,0.027706863425925918,0.0008480617931816181,0.027692751736111052,0.026318315972222325,0.029263281249999946
datasets\batlik\mandelbrot.csv,RandomForest,RMSE,0.036156884829353746,0.0010026664841061535,0.036260471642049805,0.03397706634373238,0.03795286762011889
datasets\batlik\strawberry.csv,LinearRegression,MAPE,0.054608036841756476,0.0015276307622258498,0.054584570886051106,0.05232389154409711,0.06008065763848537
datasets\batlik\strawberry.csv,LinearRegression,MAE,0.09398711927692403,0.002893683704554922,0.09444764683191141,0.08834632007425475,0.10105910996342099
datasets\batlik\strawberry.csv,LinearRegression,RMSE,0.13099531297383124,0.005013929923072121,0.13118056486813956,0.12077596268202061,0.1419059674003783
datasets\batlik\strawberry.csv,RandomForest,MAPE,0.023646081043850107,0.0005999129040818445,0.02360545241965005,0.022248929129271167,0.024676987474158474
datasets\batlik\strawberry.csv,RandomForest,MAE,0.03801903645833329,0.0009489087028508393,0.03802031249999992,0.036538541666666605,0.03997925347222209
datasets\batlik\strawberry.csv,RandomForest,RMSE,0.048465288139339445,0.0012440507122036398,0.04844070842125217,0.046042562114218526,0.051141231165993555
datasets\batlik\village.csv,LinearRegression,MAPE,0.5676583802005821,0.024026533341018542,0.5658822782547166,0.5069234019326311,0.6181667214157911
datasets\batlik\village.csv,LinearRegression,MAE,1.7998877632387822,0.04044247032331235,1.801636433277067,1.7215798274908565,1.888427886867133
datasets\batlik\village.csv,LinearRegression,RMSE,2.4710024915099127,0.10815094365964446,2.4664432874074116,2.2886302898456186,2.7554793883589928
datasets\batlik\village.csv,RandomForest,MAPE,0.02240971305295638,0.0007290404328770396,0.022295744277016895,0.021305754784621166,0.023808572829055286
datasets\batlik\village.csv,RandomForest,MAE,0.10268096354166677,0.007985263384006782,0.10232309027777799,0.08779739583333386,0.11584826388888889
datasets\batlik\village.csv,RandomForest,RMSE,0.292328867148546,0.04815071331984154,0.28889713163425357,0.21731396786525353,0.3795052725945758
datasets\dconvert\jpeg-large.csv,LinearRegression,MAPE,0.1356742312573292,0.002689057543592036,0.13584763448075549,0.12857448184686823,0.1422740816392716
datasets\dconvert\jpeg-large.csv,LinearRegression,MAE,0.41789999244634496,0.0067659645052307905,0.41811068856265776,0.4023675486894798,0.42946278353547584
datasets\dconvert\jpeg-large.csv,LinearRegression,RMSE,0.5616842242771676,0.01074576598700709,0.5629121040047005,0.5394732926830158,0.5823749687585908
datasets\dconvert\jpeg-large.csv,RandomForest,MAPE,0.02791588309010089,0.00045694469481173796,0.02794046088297805,0.026841230991183997,0.028729813997753668
datasets\dconvert\jpeg-large.csv,RandomForest,MAE,0.09246437177215991,0.0016758926590738359,0.09237633961401762,0.08942279736506002,0.09565201591533096
datasets\dconvert\jpeg-large.csv,RandomForest,RMSE,0.13205921091807893,0.0024335432219687214,0.1317750799635578,0.1271857537706526,0.1376777574146086
datasets\dconvert\jpeg-medium.csv,LinearRegression,MAPE,0.10268314557959869,0.0019398180642872151,0.10271757977459722,0.09721700733674137,0.10736790225317366
datasets\dconvert\jpeg-medium.csv,LinearRegression,MAE,0.17789312473036317,0.0029973458504721543,0.17817078926727126,0.17057614102167806,0.18317323653331857
datasets\dconvert\jpeg-medium.csv,LinearRegression,RMSE,0.23971251613589134,0.00482074718542891,0.2393641105370844,0.22977447570368625,0.249024480851375
datasets\dconvert\jpeg-medium.csv,RandomForest,MAPE,0.02269212958921762,0.00031371767307769035,0.022767805711098186,0.022027677598334214,0.023211490435195877
datasets\dconvert\jpeg-medium.csv,RandomForest,MAE,0.03954748455745243,0.0006593353958490853,0.039647435227686045,0.0380025780420987,0.0406756838628507
datasets\dconvert\jpeg-medium.csv,RandomForest,RMSE,0.05356102672766371,0.0008908851308933894,0.05353922469314559,0.05108364036780024,0.05527018833826739
datasets\dconvert\jpeg-small.csv,LinearRegression,MAPE,0.03483519039079067,0.0005487187697783108,0.034702243088356226,0.03382398412774733,0.03607743617921141
datasets\dconvert\jpeg-small.csv,LinearRegression,MAE,0.014940440936161798,0.00024928655080135536,0.014881616065669123,0.014498481132238391,0.015462733560607516
datasets\dconvert\jpeg-small.csv,LinearRegression,RMSE,0.019038824587004,0.00036661296054985097,0.018991204223374296,0.018401316503877725,0.019801875474927035
datasets\dconvert\jpeg-small.csv,RandomForest,MAPE,0.03403243977369309,0.0004919549251077931,0.03402398553897882,0.03312523909266904,0.035051317639699056
datasets\dconvert\jpeg-small.csv,RandomForest,MAE,0.014595398197997544,0.00021689150044080407,0.014584548103756399,0.014218864196432092,0.015022326568154375
datasets\dconvert\jpeg-small.csv,RandomForest,RMSE,0.018896791530874518,0.00032994571864145586,0.018876681532000193,0.018261831605820653,0.019448419504685125
datasets\dconvert\png-large.csv,LinearRegression,MAPE,0.09297871551267992,0.001223717331089765,0.0930285900400545,0.09019371705635978,0.09571932532352628
datasets\dconvert\png-large.csv,LinearRegression,MAE,0.21895989093200216,0.002535383676255998,0.21915670359453943,0.21453819529572707,0.222764002462893
datasets\dconvert\png-large.csv,LinearRegression,RMSE,0.2789024311160395,0.004835599396796631,0.2791319206313282,0.27117111454083886,0.28536547025708503
datasets\dconvert\png-large.csv,RandomForest,MAPE,0.025393951902289224,0.0003392162287883376,0.025389104298877415,0.02461182094305371,0.025848728156044217
datasets\dconvert\png-large.csv,RandomForest,MAE,0.06152422658182692,0.0009479054651767379,0.06164023827781651,0.05892120716306236,0.06307893507626501
datasets\dconvert\png-large.csv,RandomForest,RMSE,0.08157608596070702,0.0011464032976285633,0.08151452632157029,0.07801790254212426,0.08414754841406961
datasets\dconvert\png-medium.csv,LinearRegression,MAPE,0.03544793272385092,0.0004258643174214375,0.035372487864723245,0.03437371023796946,0.03669529049697422
datasets\dconvert\png-medium.csv,LinearRegression,MAE,0.023015154116585376,0.0002884560038827397,0.023020343240786105,0.02223771206735822,0.023826498240064546
datasets\dconvert\png-medium.csv,LinearRegression,RMSE,0.029034589899075203,0.00040249395919682605,0.029108684070905114,0.02769014396293606,0.02979352050355079
datasets\dconvert\png-medium.csv,RandomForest,MAPE,0.02743288396923191,0.0004506245961849307,0.02735577835906615,0.026539289481176998,0.028782153083778284
datasets\dconvert\png-medium.csv,RandomForest,MAE,0.017397858429179444,0.00026903795241938,0.01735993096740623,0.016797722652508482,0.018162588390367804
datasets\dconvert\png-medium.csv,RandomForest,RMSE,0.022064418558791824,0.00034639557362547567,0.022076670645791257,0.021185477617971675,0.022868437440789095
datasets\dconvert\png-small.csv,LinearRegression,MAPE,0.03302231827934923,0.00032549257602705324,0.033029194881210026,0.032443329616265594,0.03367714141044861
datasets\dconvert\png-small.csv,LinearRegression,MAE,0.014845999856048288,0.00016803859779122854,0.014862335313822098,0.014515854855454147,0.015146373406022786
datasets\dconvert\png-small.csv,LinearRegression,RMSE,0.01961421013442776,0.0003730691293060726,0.019650797310075664,0.018664303385711175,0.02013905363456915
datasets\dconvert\png-small.csv,RandomForest,MAPE,0.034993392695692016,0.0004787767835031594,0.03493112009589548,0.034012133397103,0.03609061944956484
datasets\dconvert\png-small.csv,RandomForest,MAE,0.015680808753220175,0.00020434926678245322,0.015659660593637686,0.015256628704944337,0.016082431666322592
datasets\dconvert\png-small.csv,RandomForest,RMSE,0.020707983949744338,0.00038597530452474227,0.020772582992793602,0.019794023062291586,0.021369960887679236
datasets\dconvert\psd-large.csv,LinearRegression,MAPE,0.014334112497130838,0.0001823324557058918,0.014325717555679844,0.013954050918375233,0.014762915207510979
datasets\dconvert\psd-large.csv,LinearRegression,MAE,0.5371334177084452,0.008384823793213099,0.538698824548135,0.5226022442360593,0.5510161750174907
datasets\dconvert\psd-large.csv,LinearRegression,RMSE,0.8760165049528655,0.022748449819266155,0.8792162922115854,0.8386734638733311,0.9195592086306482
datasets\dconvert\psd-large.csv,RandomForest,MAPE,0.015658709832311223,0.0003405078581800644,0.01566360977372872,0.014800076442290795,0.016256822712041215
datasets\dconvert\psd-large.csv,RandomForest,MAE,0.5871188278233436,0.015459845390007042,0.5911298149208517,0.558299851931792,0.6154384622612867
datasets\dconvert\psd-large.csv,RandomForest,RMSE,0.9995389222577411,0.023659008109903946,1.0027136475691911,0.9457355345612248,1.0362554245861226
datasets\dconvert\psd-medium.csv,LinearRegression,MAPE,0.05192719406988832,0.0006670133565556827,0.05175589569665606,0.05082739130309703,0.0532431731565402
datasets\dconvert\psd-medium.csv,LinearRegression,MAE,0.06739244388843134,0.0009342125731043746,0.06717832354711163,0.06600154033842515,0.06925167420257965
datasets\dconvert\psd-medium.csv,LinearRegression,RMSE,0.08924579127582831,0.0017000375980492756,0.0889314832794757,0.08691352361550343,0.09218662936553754
datasets\dconvert\psd-medium.csv,RandomForest,MAPE,0.025429993256548315,0.00030081765640735495,0.025403247403592066,0.024768322590212825,0.026326544367747985
datasets\dconvert\psd-medium.csv,RandomForest,MAE,0.032709263830660244,0.00037898989830607594,0.03269434858179493,0.03182997195146854,0.03375028232381899
datasets\dconvert\psd-medium.csv,RandomForest,RMSE,0.04188022200304568,0.0005277752589151224,0.04195915011271249,0.0408143410098967,0.04292258832343317
datasets\dconvert\psd-small.csv,LinearRegression,MAPE,0.03561248308786984,0.000491673490416104,0.035637918851758904,0.03470518697127165,0.03670802997253705
datasets\dconvert\psd-small.csv,LinearRegression,MAE,0.01994051002551519,0.00029103490565619226,0.01994988316967866,0.019374540669637456,0.020545951263246154
datasets\dconvert\psd-small.csv,LinearRegression,RMSE,0.02482869949873536,0.000359368147630399,0.024856688603445524,0.02411263684984418,0.025585168184988055
datasets\dconvert\psd-small.csv,RandomForest,MAPE,0.03772791294780404,0.0005679883550079885,0.03783981321583359,0.036399254344987024,0.03856602588994456
datasets\dconvert\psd-small.csv,RandomForest,MAE,0.02107284517928058,0.00032207929097239805,0.02113346865129477,0.020289766413819833,0.021555822483464458
datasets\dconvert\psd-small.csv,RandomForest,RMSE,0.02670864490138505,0.0003887980917381488,0.026714747344693576,0.025856827010983737,0.02737347652612138
datasets\dconvert\svg-large.csv,LinearRegression,MAPE,0.02051159002510493,0.00028087611281025934,0.020549112926417853,0.019978613990043578,0.02113310774757916
datasets\dconvert\svg-large.csv,LinearRegression,MAE,0.030941354980077676,0.00045557423494040907,0.03099780403799151,0.030005778602381347,0.032004018347376324
datasets\dconvert\svg-large.csv,LinearRegression,RMSE,0.03973070884509538,0.0008331946656288506,0.03985888891916457,0.037496850414646225,0.04125345847519873
datasets\dconvert\svg-large.csv,RandomForest,MAPE,0.023534786377356943,0.0003659383537606341,0.023622466614317897,0.022573819251760354,0.024032999774334145
datasets\dconvert\svg-large.csv,RandomForest,MAE,0.035452026970397385,0.0005528031817728496,0.035585873605461685,0.033917874173047965,0.03623932973793503
datasets\dconvert\svg-large.csv,RandomForest,RMSE,0.04553150978906637,0.0007059317733111175,0.04570651890299668,0.04347904890054676,0.04672563890823676
datasets\dconvert\svg-medium.csv,LinearRegression,MAPE,0.017221439549436744,0.0002036401222490802,0.01723715099593754,0.016801543802257794,0.017724651375537078
datasets\dconvert\svg-medium.csv,LinearRegression,MAE,0.026501258674733838,0.00031893978831320336,0.02651850162607623,0.025845551291307157,0.027304501572783132
datasets\dconvert\svg-medium.csv,LinearRegression,RMSE,0.03316337597752599,0.00038624689326907213,0.033176752270998734,0.03231118544967009,0.03405400029840972
datasets\dconvert\svg-medium.csv,RandomForest,MAPE,0.019356862011023494,0.00027524457905451973,0.01934115171760121,0.018697183012471398,0.01986110985996584
datasets\dconvert\svg-medium.csv,RandomForest,MAE,0.029779068092682253,0.00042173779658461076,0.02975141312082269,0.028776205717235877,0.030530353144030742
datasets\dconvert\svg-medium.csv,RandomForest,RMSE,0.037446609916551125,0.00045309095762785805,0.037429433285787406,0.0363572585709043,0.03830385605900544
datasets\dconvert\svg-small.csv,LinearRegression,MAPE,0.03582789387964034,0.000463942425178781,0.035867248029707435,0.03449474600795121,0.036754980765382125
datasets\dconvert\svg-small.csv,LinearRegression,MAE,0.020180841184253267,0.0002584905917860191,0.020189300112774543,0.019486071399309277,0.02076808987518889
datasets\dconvert\svg-small.csv,LinearRegression,RMSE,0.025264221346909217,0.00026859145012807673,0.025237377591284884,0.02455807895967514,0.026017086315607386
datasets\dconvert\svg-small.csv,RandomForest,MAPE,0.02574352841569019,0.00033312525898001336,0.02573474347708954,0.02517148163144747,0.02643529410543676
datasets\dconvert\svg-small.csv,RandomForest,MAE,0.014417373359440957,0.00019390154887141074,0.014409756919293137,0.014112421751604008,0.014791237156819237
datasets\dconvert\svg-small.csv,RandomForest,RMSE,0.018236443834397705,0.0002329788826867572,0.018198425236697492,0.01777368588474563,0.018724245291270203
datasets\jump3r\beethoven.wav.csv,LinearRegression,MAPE,0.25619539578530676,0.005883238479829426,0.25633644871205263,0.24559614365865073,0.2707418831374329
datasets\jump3r\beethoven.wav.csv,LinearRegression,MAE,2.2530344805703852,0.040864005571448384,2.250661109223871,2.155851484959537,2.3310898037899737
datasets\jump3r\beethoven.wav.csv,LinearRegression,RMSE,2.898030115763329,0.05644381065085923,2.910454542946625,2.795280811450116,3.006893739607777
datasets\jump3r\beethoven.wav.csv,RandomForest,MAPE,0.160828500874285,0.003280635171159796,0.16079767100436823,0.15477053580071354,0.16966978628115037
datasets\jump3r\beethoven.wav.csv,RandomForest,MAE,1.6272998346379604,0.04066817556093745,1.6195618500703437,1.5643132178393935,1.739041448019757
datasets\jump3r\beethoven.wav.csv,RandomForest,RMSE,2.396803195513266,0.05650527630118649,2.3988862259940715,2.3088676831925308,2.5414909785141453
datasets\jump3r\dual-channel.wav.csv,LinearRegression,MAPE,0.23391631827129367,0.005968952957369382,0.2337855253514543,0.22498126836103538,0.2456007363845427
datasets\jump3r\dual-channel.wav.csv,LinearRegression,MAE,0.6165558501440034,0.013054942874473167,0.6139586841189136,0.5925263968278299,0.6422624130231113
datasets\jump3r\dual-channel.wav.csv,LinearRegression,RMSE,0.854048770614164,0.0198551012915064,0.8509227792613622,0.8100652152321568,0.8952886577536125
datasets\jump3r\dual-channel.wav.csv,RandomForest,MAPE,0.15550470151596213,0.003773047741296085,0.15592876238414666,0.14727478180826695,0.16112677817836452
datasets\jump3r\dual-channel.wav.csv,RandomForest,MAE,0.4554013393583433,0.01246439429384359,0.4546003188048938,0.4283928425886271,0.4749470421209804
datasets\jump3r\dual-channel.wav.csv,RandomForest,RMSE,0.6687541326669636,0.019601268343954707,0.6703283120971859,0.6248083169010756,0.6994380449750061
datasets\jump3r\helix.wav.csv,LinearRegression,MAPE,0.2541802922356412,0.007331913990285024,0.25245963389729786,0.2403711815309652,0.2698397453878381
datasets\jump3r\helix.wav.csv,LinearRegression,MAE,1.0994400793537484,0.025396403067984435,1.1031240473110853,1.0544931271143243,1.1505750027171495
datasets\jump3r\helix.wav.csv,LinearRegression,RMSE,1.5572245096416195,0.08149247571313446,1.5539647544629787,1.426455278614788,1.7588269842643691
datasets\jump3r\helix.wav.csv,RandomForest,MAPE,0.1607948732694972,0.0036638408042078473,0.16152333820584264,0.15215204454138648,0.167338797458955
datasets\jump3r\helix.wav.csv,RandomForest,MAE,0.8391965188364541,0.02231623676353335,0.838751030268279,0.7909666482207541,0.874542479615459
datasets\jump3r\helix.wav.csv,RandomForest,RMSE,1.302988239358597,0.08120898439675685,1.2943054118174993,1.1941943167366096,1.5459229218999155
datasets\jump3r\single-channel.wav.csv,LinearRegression,MAPE,0.1888757687182425,0.004391700903672182,0.18855518734758325,0.17969165543464113,0.20042870714150407
datasets\jump3r\single-channel.wav.csv,LinearRegression,MAE,0.32423389241588196,0.006294291006463676,0.32430698636765154,0.31190219878944586,0.3389598640744521
datasets\jump3r\single-channel.wav.csv,LinearRegression,RMSE,0.4272105183600916,0.00814294514796859,0.42628360358798323,0.4117459831856962,0.4429693132296939
datasets\jump3r\single-channel.wav.csv,RandomForest,MAPE,0.1406520706418658,0.0027574339595572966,0.1401895953517578,0.13609869061022942,0.1485206847944488
datasets\jump3r\single-channel.wav.csv,RandomForest,MAE,0.25863147520757623,0.006713194274281545,0.25777414420994876,0.24879472306608091,0.273148414440626
datasets\jump3r\single-channel.wav.csv,RandomForest,RMSE,0.3657457922858314,0.009611208079765279,0.36468972398813765,0.3508565268999265,0.38648653925667137
datasets\jump3r\speech.wav.csv,LinearRegression,MAPE,0.19801649368328014,0.004601885646062631,0.19770873226628227,0.1888125048771588,0.20729391495373362
datasets\jump3r\speech.wav.csv,LinearRegression,MAE,0.8103173435249258,0.013910664082104826,0.8089675392963873,0.777094717810571,0.839431360231485
datasets\jump3r\speech.wav.csv,LinearRegression,RMSE,1.0215415470620868,0.019545569958043962,1.0198394721688868,0.9809857093678813,1.0530172815412138
datasets\jump3r\speech.wav.csv,RandomForest,MAPE,0.1363919342545348,0.0025888361745350025,0.1367388095383738,0.1307029747478422,0.1431008958333811
datasets\jump3r\speech.wav.csv,RandomForest,MAE,0.6218021139518134,0.015510979595345031,0.6234002263234892,0.597145976785015,0.6587068354557593
datasets\jump3r\speech.wav.csv,RandomForest,RMSE,0.8776252880780847,0.02519482790090684,0.8731703947796937,0.8403144806596219,0.9377658026366561
datasets\jump3r\sweep.wav.csv,LinearRegression,MAPE,0.1194161192942298,0.00220844753941134,0.1195083990343772,0.11583476125161983,0.12456988925861379
datasets\jump3r\sweep.wav.csv,LinearRegression,MAE,0.0696435160069688,0.001225049755345032,0.06984736446517747,0.06731048651193529,0.07175328377037524
datasets\jump3r\sweep.wav.csv,LinearRegression,RMSE,0.08827126191949711,0.0015913109210996313,0.08871479639952326,0.08596235148882497,0.09138941943647473
datasets\jump3r\sweep.wav.csv,RandomForest,MAPE,0.09055321763174089,0.0018264733982547683,0.09071853453650977,0.08614846255205762,0.09569767116695234
datasets\jump3r\sweep.wav.csv,RandomForest,MAE,0.05510609780629734,0.0012206680951447522,0.05512199691201414,0.05217616033133439,0.05815147553957668
datasets\jump3r\sweep.wav.csv,RandomForest,RMSE,0.07783280940488993,0.0019303221616987557,0.07785449851682819,0.07292289547705962,0.0825865177576436
datasets\kanzi\ambivert.csv,LinearRegression,MAPE,1.5080181006221691,0.0595308165462042,1.5101016267085647,1.3846588092667826,1.6304166821658577
datasets\kanzi\ambivert.csv,LinearRegression,MAE,17.223704122625122,0.44649740247190345,17.162023414689557,16.44703275605996,18.193844713763916
datasets\kanzi\ambivert.csv,LinearRegression,RMSE,27.60897678466089,0.7962618375024387,27.71742977732919,26.21098898151649,29.088119360982294
datasets\kanzi\ambivert.csv,RandomForest,MAPE,0.06393495765000971,0.0032193428080688185,0.06312688490496705,0.060014831584164596,0.07219602738894466
datasets\kanzi\ambivert.csv,RandomForest,MAE,1.0391630780659107,0.0668995616807285,1.0279235210696906,0.9262858995137752,1.190871150729334
datasets\kanzi\ambivert.csv,RandomForest,RMSE,2.336604089109976,0.4245406264488389,2.238107063594592,1.679492244285237,3.3998227383250375
datasets\kanzi\artificl.csv,LinearRegression,MAPE,0.4803948394805542,0.012444791948366707,0.4801524630283256,0.4578256713628196,0.5043391683548467
datasets\kanzi\artificl.csv,LinearRegression,MAE,0.1989640385353965,0.004136579608954029,0.1991024364379586,0.18960015387856113,0.20940060470798064
datasets\kanzi\artificl.csv,LinearRegression,RMSE,0.2918445850118959,0.0077591492955785745,0.29065192885263685,0.27678610200252207,0.308789745876303
datasets\kanzi\artificl.csv,RandomForest,MAPE,0.04170023275970535,0.0014134575856278788,0.04182709665867544,0.03902419503194391,0.04464288944871638
datasets\kanzi\artificl.csv,RandomForest,MAE,0.0208523662884927,0.0012343270819796018,0.021086081847649894,0.018460940032414927,0.02364031604538087
datasets\kanzi\artificl.csv,RandomForest,RMSE,0.04499376390390157,0.003999809611359059,0.0449225578361087,0.03641125147804905,0.05320650495731792
datasets\kanzi\deepfield.csv,LinearRegression,MAPE,17.876893494554515,1.3519110073316567,17.663960419075806,15.134922378902651,21.372740926154457
datasets\kanzi\deepfield.csv,LinearRegression,MAE,19.054778752858574,0.39186389190300447,19.003406198381423,18.374262466554562,19.944137218733164
datasets\kanzi\deepfield.csv,LinearRegression,RMSE,28.957407867286054,0.8026402427160515,28.87416874011292,27.709784505296113,30.417272965554435
datasets\kanzi\deepfield.csv,RandomForest,MAPE,0.0508054270548599,0.0035195849479837736,0.05076726449058158,0.04443377221452794,0.06008885413094346
datasets\kanzi\deepfield.csv,RandomForest,MAE,0.7927152998379255,0.07968183211396573,0.7913196312803892,0.6240638978930291,0.9778195299837907
datasets\kanzi\deepfield.csv,RandomForest,RMSE,2.3061839530134405,0.45916902512482627,2.1943846194734147,1.4302233123575805,3.35657592899022
datasets\kanzi\enwik8.csv,LinearRegression,MAPE,2.7613584924881227,0.11423611938456579,2.729545353638888,2.5212820426751166,3.0365110180740333
datasets\kanzi\enwik8.csv,LinearRegression,MAE,39.7655806056123,0.8792801439079262,39.61023679104656,38.34846927530115,41.84115226848382
datasets\kanzi\enwik8.csv,LinearRegression,RMSE,62.032516890673634,1.826707107422584,62.02124631816465,59.14756611462004,65.60359169172096
datasets\kanzi\enwik8.csv,RandomForest,MAPE,0.06475292348176563,0.003680752057434128,0.06485042335262597,0.05891826862683362,0.0726106055500295
datasets\kanzi\enwik8.csv,RandomForest,MAE,1.6393408738519721,0.1271670289379799,1.610784562398706,1.4290075364667782,1.9809951377633666
datasets\kanzi\enwik8.csv,RandomForest,RMSE,4.399764426833543,0.9682772263810417,4.160543417010838,3.0829525921607313,6.652795631170351
datasets\kanzi\fannie_mae_500k.csv,LinearRegression,MAPE,4.291025566823962,0.17882366270899838,4.273290896711566,3.8879243650941553,4.64734362437573
datasets\kanzi\fannie_mae_500k.csv,LinearRegression,MAE,34.86554713916219,0.7391349762291641,34.769080726196336,33.740752002294926,36.539068464393694
datasets\kanzi\fannie_mae_500k.csv,LinearRegression,RMSE,53.49757147564318,1.5184647269764024,53.49061604962039,51.20266483392818,56.35800988213376
datasets\kanzi\fannie_mae_500k.csv,RandomForest,MAPE,0.0660631403566999,0.004937047863415564,0.06595546541342126,0.055598249458474185,0.07735138559981869
datasets\kanzi\fannie_mae_500k.csv,RandomForest,MAE,1.0696872217720157,0.10530391640860189,1.0451679497568906,0.9168412479740661,1.378701661264181
datasets\kanzi\fannie_mae_500k.csv,RandomForest,RMSE,3.3188686540709473,0.5560977787103893,3.1967255576069116,2.3984122519525273,4.637088571016916
datasets\kanzi\large.csv,LinearRegression,MAPE,1.4734814296160221,0.04957727938037983,1.45872374705857,1.3779711314647147,1.58404353187603
datasets\kanzi\large.csv,LinearRegression,MAE,4.404405558038464,0.09685218975556978,4.3967915570941365,4.250293472825672,4.625047882434118
datasets\kanzi\large.csv,LinearRegression,RMSE,6.8478152002068935,0.20146704169114163,6.845420886103582,6.52119568430255,7.2157935424288535
datasets\kanzi\large.csv,RandomForest,MAPE,0.052146332534825264,0.0020007073326682016,0.05202556029523564,0.04947041450298951,0.05746241351350534
datasets\kanzi\large.csv,RandomForest,MAE,0.18737589951377648,0.012711568819639285,0.18534438816855803,0.1684934764991898,0.2199256888168561
datasets\kanzi\large.csv,RandomForest,RMSE,0.45501291894267143,0.10079176818600064,0.424439930258104,0.31593462141094564,0.7156607520847795
datasets\kanzi\misc.csv,LinearRegression,MAPE,0.4765801562636945,0.013226290027985544,0.47396064306450325,0.4512969094017332,0.5054331820056048
datasets\kanzi\misc.csv,LinearRegression,MAE,0.406961807246628,0.008557199621106248,0.4072005767356061,0.39094083928336276,0.4274391338459823
datasets\kanzi\misc.csv,LinearRegression,RMSE,0.6101177597895943,0.01599932556417792,0.6087092977287278,0.5824638145686888,0.6405398049519246
datasets\kanzi\misc.csv,RandomForest,MAPE,0.045556629907575676,0.0014156111064657952,0.04547528461006576,0.042940250536977934,0.04829406116392167
datasets\kanzi\misc.csv,RandomForest,MAE,0.0372931753106429,0.001826718042032981,0.037446799027552664,0.03364363857374397,0.04139278768233384
datasets\kanzi\misc.csv,RandomForest,RMSE,0.06705217712077283,0.0061735497944090095,0.06633972153312995,0.05619558895491961,0.08407983891030656
datasets\kanzi\silesia.csv,LinearRegression,MAPE,3.091722026420433,0.1306285774807293,3.063024819916034,2.830516930243678,3.4163655983800414
datasets\kanzi\silesia.csv,LinearRegression,MAE,82.76969884544228,1.8144404322187102,82.42494590014707,79.96727572290224,87.04545177502139
datasets\kanzi\silesia.csv,LinearRegression,RMSE,128.85011511426927,3.668783609236218,128.8653393762089,123.27582722304578,135.54214363177246
datasets\kanzi\silesia.csv,RandomForest,MAPE,0.06228184336293548,0.0037413792096425867,0.06219214554595334,0.05550356798320386,0.07103414642037588
datasets\kanzi\silesia.csv,RandomForest,MAE,3.1254195826580236,0.20303135834225922,3.062956361426263,2.7276540113452197,3.6715551458670896
datasets\kanzi\silesia.csv,RandomForest,RMSE,8.000058343619596,1.3363346993408853,7.595626054555937,5.789871633530343,10.917747180759783
datasets\kanzi\vmlinux.csv,LinearRegression,MAPE,28.550257677446904,1.3757466216231689,28.23840327683026,26.481712569394972,32.3524926770501
datasets\kanzi\vmlinux.csv,LinearRegression,MAE,164.72240269988504,3.5578475507071814,164.46787134929463,159.0005469549142,173.0778812713747
datasets\kanzi\vmlinux.csv,LinearRegression,RMSE,224.48761237058181,4.984617068376459,223.37347851999158,212.6461245784809,233.34018167289275
datasets\kanzi\vmlinux.csv,RandomForest,MAPE,0.06409948625713309,0.0029984359018022165,0.06510391836420854,0.057603004609494114,0.06942278396215364
datasets\kanzi\vmlinux.csv,RandomForest,MAE,6.511187124527281,0.3839166488628623,6.473509055915705,5.546505510534859,7.4090360210696975
datasets\kanzi\vmlinux.csv,RandomForest,RMSE,21.798348379224098,1.0798142762209209,22.043796717420932,18.65461297772605,23.964221033637827
datasets\lrzip\ambivert.wav.tar.csv,LinearRegression,MAPE,1.5333866011457777,0.284783589883936,1.4582987877308355,1.0486209706953196,2.071397441762871
datasets\lrzip\ambivert.wav.tar.csv,LinearRegression,MAE,14.60643489977913,1.6492916904013608,14.700820016555461,11.632795276838594,17.991338353441105
datasets\lrzip\ambivert.wav.tar.csv,LinearRegression,RMSE,23.65332967985243,3.18236926905516,23.811198175472466,17.174899679641527,29.6723717508986
datasets\lrzip\ambivert.wav.tar.csv,RandomForest,MAPE,1.8917326730359427,0.4869804799627109,1.8617007160778667,1.1690274228930821,3.3129453037661274
datasets\lrzip\ambivert.wav.tar.csv,RandomForest,MAE,16.36664037356322,2.022833498104392,16.295239224137934,12.502637068965518,20.248060344827586
datasets\lrzip\ambivert.wav.tar.csv,RandomForest,RMSE,25.563171460742556,2.7151586973234476,25.225607457960706,21.211205790067147,30.722592116079525
datasets\lrzip\artificl.tar.csv,LinearRegression,MAPE,13.901372628219104,2.817282642457189,13.965699781844037,6.803463704490364,19.805956220231472
datasets\lrzip\artificl.tar.csv,LinearRegression,MAE,1.2605575303885712,0.0658226615588527,1.2509053714557572,1.1446586040931017,1.393236656586553
datasets\lrzip\artificl.tar.csv,LinearRegression,RMSE,1.4127328495928002,0.08264244272825848,1.4078235376081714,1.271212860516845,1.569402661038951
datasets\lrzip\artificl.tar.csv,RandomForest,MAPE,13.016648879055621,3.0546340442074977,12.933338268143842,5.947105956137465,20.916558355286778
datasets\lrzip\artificl.tar.csv,RandomForest,MAE,1.1751033812260532,0.08101854222298127,1.176275862068965,1.0078327586206894,1.3458681034482758
datasets\lrzip\artificl.tar.csv,RandomForest,RMSE,1.3804041221299754,0.10125177075561434,1.3773007537623816,1.2110132153703874,1.6159993057169264
datasets\lrzip\deepfield.tar.csv,LinearRegression,MAPE,1.525293608703197,0.293695548844325,1.4549095327995554,1.0016328276726614,2.0612127784113095
datasets\lrzip\deepfield.tar.csv,LinearRegression,MAE,14.401767312905175,1.64157256277097,14.361091334301946,11.623162642225546,17.611502881004963
datasets\lrzip\deepfield.tar.csv,LinearRegression,RMSE,23.117773657600132,3.0830621799180253,23.263134898115005,16.90950089246701,28.721211052991958
datasets\lrzip\deepfield.tar.csv,RandomForest,MAPE,1.8757954674227908,0.48377568804215854,1.8528272246971276,1.1496186370580002,3.216176371409073
datasets\lrzip\deepfield.tar.csv,RandomForest,MAE,16.090884511494256,1.9645243404928283,15.982715086206904,12.566678448275866,20.186086206896547
datasets\lrzip\deepfield.tar.csv,RandomForest,RMSE,24.888844874192333,2.727865389047218,24.40866803584227,19.659173630254216,30.09870575778479
datasets\lrzip\enwik8.tar.csv,LinearRegression,MAPE,1.0604601842920767,0.18344034034315343,1.0226771563024435,0.7715643325076258,1.3923679152973605
datasets\lrzip\enwik8.tar.csv,LinearRegression,MAE,19.601155174214647,1.9236689155996338,19.18375346044271,16.187796990789348,23.744422837550246
datasets\lrzip\enwik8.tar.csv,LinearRegression,RMSE,29.077836200923635,3.6444787623725223,29.399075054830003,21.9973144832357,35.57731084394925
datasets\lrzip\enwik8.tar.csv,RandomForest,MAPE,1.2772577371908909,0.2938365612231804,1.2795867403183923,0.7920109966390609,2.058802835037245
datasets\lrzip\enwik8.tar.csv,RandomForest,MAE,21.58928772988505,2.283347381153559,21.451691379310343,17.725876724137926,25.66633275862069
datasets\lrzip\enwik8.tar.csv,RandomForest,RMSE,31.263669509752166,3.0934943646064723,31.254766885289456,25.301178634632706,37.097770840995175
datasets\lrzip\fannie_mae_500k.tar.csv,LinearRegression,MAPE,0.12195093680276434,0.009524533889112518,0.12166685506715066,0.10258084691908549,0.1376826710073322
datasets\lrzip\fannie_mae_500k.tar.csv,LinearRegression,MAE,5.392034615355782,0.5622139126620682,5.361332039358105,4.357812554609837,6.661058229072716
datasets\lrzip\fannie_mae_500k.tar.csv,LinearRegression,RMSE,7.878800230291586,0.9465255088512122,7.824613824425607,5.749998748037919,9.677308095443298
datasets\lrzip\fannie_mae_500k.tar.csv,RandomForest,MAPE,0.13868674123821906,0.01385238055647928,0.1398532328183329,0.11468149677156926,0.16850925316303955
datasets\lrzip\fannie_mae_500k.tar.csv,RandomForest,MAE,5.98446002873564,0.5971922222226667,6.0382650862069,5.0312577586207,7.403793103448288
datasets\lrzip\fannie_mae_500k.tar.csv,RandomForest,RMSE,8.497098642545675,0.7911361338494929,8.435624426841766,7.041815517940448,10.24431781738641
datasets\lrzip\large.tar.csv,LinearRegression,MAPE,0.9940140155888971,0.1650562310171762,0.976349795359637,0.6035174340148857,1.3314575329869125
datasets\lrzip\large.tar.csv,LinearRegression,MAE,2.3445945005129616,0.2579338238890633,2.2923572551799936,1.9217609216365352,3.0572906738032986
datasets\lrzip\large.tar.csv,LinearRegression,RMSE,3.1272920493821457,0.344133355134407,3.092301681356534,2.4590324903893745,3.962270958640885
datasets\lrzip\large.tar.csv,RandomForest,MAPE,1.0770009019583973,0.20393816542864113,1.057330526161905,0.6637899665484347,1.4420282629623047
datasets\lrzip\large.tar.csv,RandomForest,MAE,2.5284286206896565,0.25674017685592077,2.538587931034484,2.0215267241379333,3.301908620689656
datasets\lrzip\large.tar.csv,RandomForest,RMSE,3.355795297731048,0.30180398295118555,3.3133224424783574,2.720539299596049,4.179451147537817
datasets\lrzip\misc.tar.csv,LinearRegression,MAPE,2.7193073317483387,0.48231564109780084,2.744025811364747,1.5886793665568253,3.7362484589236526
datasets\lrzip\misc.tar.csv,LinearRegression,MAE,1.2811058061587217,0.0817981522974019,1.2626129983876901,1.1549662598367807,1.4850036292204043
datasets\lrzip\misc.tar.csv,LinearRegression,RMSE,1.4571807204765852,0.09391259085755031,1.4368051747945265,1.31048683945751,1.6542462400609614
datasets\lrzip\misc.tar.csv,RandomForest,MAPE,2.5870154348943344,0.544037876753543,2.6137415933137587,1.4903601060296565,3.9301181602267627
datasets\lrzip\misc.tar.csv,RandomForest,MAE,1.2145588218390808,0.0913872192561191,1.207003448275862,1.0503663793103455,1.4186724137931035
datasets\lrzip\misc.tar.csv,RandomForest,RMSE,1.4519927066005642,0.10347819018789625,1.4563672238682583,1.2594191899922322,1.7023293020912902
datasets\lrzip\silesia.tar.csv,LinearRegression,MAPE,1.225760087958908,0.21825773079582814,1.1824667235132187,0.8646133772439255,1.6663945357694399
datasets\lrzip\silesia.tar.csv,LinearRegression,MAE,32.7796619918932,3.089720000305508,31.893085232032345,27.199308412915734,39.7226643069122
datasets\lrzip\silesia.tar.csv,LinearRegression,RMSE,48.444198515994145,5.809843851280954,48.28375962640683,35.98685413067596,59.100443415036366
datasets\lrzip\silesia.tar.csv,RandomForest,MAPE,1.4875591764856868,0.3493335796380142,1.4827317244738913,0.904868096748739,2.426775232965033
datasets\lrzip\silesia.tar.csv,RandomForest,MAE,36.1562285632184,3.7425219567668995,35.68535,29.031650000000006,42.86336293103449
datasets\lrzip\silesia.tar.csv,RandomForest,RMSE,52.275311103235026,4.910982403421972,51.89452302948807,41.14023672923296,61.85243559800074
datasets\lrzip\uiq-32.bin.csv,LinearRegression,MAPE,2.009329941655868,0.39600169295596355,1.9283987555876676,1.3232940937987556,2.796330365936683
datasets\lrzip\uiq-32.bin.csv,LinearRegression,MAE,54.89368939908134,4.980796754454031,53.48321893808726,45.438432075621684,66.53352791447432
datasets\lrzip\uiq-32.bin.csv,LinearRegression,RMSE,79.97213700680446,9.162315093722713,81.12836264903768,60.192766692641904,97.46263045194291
datasets\lrzip\uiq-32.bin.csv,RandomForest,MAPE,2.4287791714116835,0.5977492227564428,2.3764548672657733,1.474082872594145,3.744728491393756
datasets\lrzip\uiq-32.bin.csv,RandomForest,MAE,59.993966982758614,5.778827440709488,59.87824956896553,49.377728448275874,71.5930905172414
datasets\lrzip\uiq-32.bin.csv,RandomForest,RMSE,85.47854629499757,7.711241532929604,83.08391325745556,69.23943558228885,102.82433293525314
datasets\lrzip\uiq2-16.bin.csv,LinearRegression,MAPE,1.783554634836642,0.34164307956430584,1.725819139092577,1.255198128317816,2.500497444142672
datasets\lrzip\uiq2-16.bin.csv,LinearRegression,MAE,29.93978908654458,2.6623824535926137,29.400616631166827,25.442582064740144,35.41684297459209
datasets\lrzip\uiq2-16.bin.csv,LinearRegression,RMSE,44.75339245250587,5.17735733005657,44.67549586252338,34.28895750400677,52.820258650162025
datasets\lrzip\uiq2-16.bin.csv,RandomForest,MAPE,2.210472851742613,0.5501367480970861,2.1491334307686025,1.314982390697077,3.6599898621763014
datasets\lrzip\uiq2-16.bin.csv,RandomForest,MAE,33.350546925287354,3.2932304027495394,33.34290301724137,27.419151724137926,39.44630603448275
datasets\lrzip\uiq2-16.bin.csv,RandomForest,RMSE,48.73628731513842,4.280015798456671,48.855037602879875,40.20037199720284,56.15709345268098
datasets\lrzip\uiq2-4.bin.csv,LinearRegression,MAPE,1.2229288877549631,0.21740430568906302,1.1715128188016408,0.8616764448576916,1.6187758051009933
datasets\lrzip\uiq2-4.bin.csv,LinearRegression,MAE,7.255726243776551,0.8111612351636743,7.159246896388892,5.8690508922194935,8.88537887398344
datasets\lrzip\uiq2-4.bin.csv,LinearRegression,RMSE,11.068680447255636,1.4798470947670264,11.156096257733061,7.922026906585281,13.447760192453796
datasets\lrzip\uiq2-4.bin.csv,RandomForest,MAPE,1.4779399409580865,0.34416213106354865,1.441375803740833,0.9479308103978137,2.3179051617442417
datasets\lrzip\uiq2-4.bin.csv,RandomForest,MAE,8.112237701149423,0.9025117063587018,8.19264827586207,6.609147413793101,9.927182758620688
datasets\lrzip\uiq2-4.bin.csv,RandomForest,RMSE,12.027292116647823,1.227382146833688,11.887350724331094,9.762486566064315,14.38571032875188
datasets\lrzip\uiq2-8.bin.csv,LinearRegression,MAPE,1.463480031937708,0.2728599166485808,1.3950316450474696,1.0613775075509573,2.0205820553409635
datasets\lrzip\uiq2-8.bin.csv,LinearRegression,MAE,14.956423377852188,1.4336894147428447,14.88233442392016,12.28563345578721,17.711137559363642
datasets\lrzip\uiq2-8.bin.csv,LinearRegression,RMSE,22.193119047015422,2.836216877007809,22.064210452723295,15.529941070679339,26.729751923914023
datasets\lrzip\uiq2-8.bin.csv,RandomForest,MAPE,1.7855376363730335,0.43157788594156143,1.7429870609138303,1.1005979200068088,2.949000983269326
datasets\lrzip\uiq2-8.bin.csv,RandomForest,MAE,16.652407442528737,1.6993814730837014,16.513981465517247,13.646365517241383,19.61442672413793
datasets\lrzip\uiq2-8.bin.csv,RandomForest,RMSE,24.169166102925693,2.356631376327992,24.063753050252664,19.13453728312976,28.386654199244
datasets\lrzip\vmlinux-5.10.tar.csv,LinearRegression,MAPE,0.7779309596962019,0.12070620696510755,0.7451883580156923,0.560224226994986,1.0204677248107072
datasets\lrzip\vmlinux-5.10.tar.csv,LinearRegression,MAE,4.741695707328259,0.5466065751997319,4.741302877599667,3.827777571344059,6.004969988299539
datasets\lrzip\vmlinux-5.10.tar.csv,LinearRegression,RMSE,7.090584854204366,0.8782415470855677,7.059019952910029,5.168267985477055,8.718670548422283
datasets\lrzip\vmlinux-5.10.tar.csv,RandomForest,MAPE,0.9196234752194378,0.1828191558766808,0.9167212756941817,0.6088547183161964,1.3672308784093086
datasets\lrzip\vmlinux-5.10.tar.csv,RandomForest,MAE,5.302402816091955,0.5924161674279375,5.293453879310345,4.3214267241379325,6.775393103448275
datasets\lrzip\vmlinux-5.10.tar.csv,RandomForest,RMSE,7.659373689013626,0.744257410704551,7.57751085240587,6.437069805498623,9.37917992248587
datasets\x264\Johnny_1280x720_60_short.y4m.csv,LinearRegression,MAPE,0.8748878904987257,0.05661631252501031,0.8668772237252644,0.7897726664432709,1.002983292844633
datasets\x264\Johnny_1280x720_60_short.y4m.csv,LinearRegression,MAE,2.5627614956342857,0.049493350794993264,2.5642388582167146,2.4662468903534096,2.6608684743543844
datasets\x264\Johnny_1280x720_60_short.y4m.csv,LinearRegression,RMSE,3.351228576005459,0.08702279538500926,3.3572059025867214,3.154243131232729,3.5121473150588924
datasets\x264\Johnny_1280x720_60_short.y4m.csv,RandomForest,MAPE,0.12629063142950486,0.005062989731817033,0.12643503598367734,0.11745155617200366,0.13561879978189567
datasets\x264\Johnny_1280x720_60_short.y4m.csv,RandomForest,MAE,0.946398146309892,0.05936335798378757,0.9492392994162331,0.8232081854797586,1.0946177443832625
datasets\x264\Johnny_1280x720_60_short.y4m.csv,RandomForest,RMSE,2.249066304162146,0.1185918959370132,2.247984106296488,1.9440994552080706,2.4581029621044848
datasets\x264\Netflix_Crosswalk_4096x2160_60fps_10bit_420_short.y4m.csv,LinearRegression,MAPE,0.7720660804625684,0.04863085282027582,0.7679674681978876,0.6890087039471573,0.8716675084359636
datasets\x264\Netflix_Crosswalk_4096x2160_60fps_10bit_420_short.y4m.csv,LinearRegression,MAE,8.70056515270057,0.1763193002121782,8.717130136614868,8.36406472694794,9.043263709130485
datasets\x264\Netflix_Crosswalk_4096x2160_60fps_10bit_420_short.y4m.csv,LinearRegression,RMSE,11.271981939719058,0.2841858776999104,11.304004273822933,10.653998840910425,11.727760112651382
datasets\x264\Netflix_Crosswalk_4096x2160_60fps_10bit_420_short.y4m.csv,RandomForest,MAPE,0.11936113251711354,0.004820413992437208,0.11903823078366878,0.11075071114048152,0.12803148227858333
datasets\x264\Netflix_Crosswalk_4096x2160_60fps_10bit_420_short.y4m.csv,RandomForest,MAE,3.2441541411845853,0.20070090449577527,3.2516013829726207,2.7823839450137675,3.7035439822320777
datasets\x264\Netflix_Crosswalk_4096x2160_60fps_10bit_420_short.y4m.csv,RandomForest,RMSE,7.4156441132674065,0.3873745789729852,7.400784368400057,6.339645074045283,8.047251872621349
datasets\x264\blue_sky_1080p25_short.y4m.csv,LinearRegression,MAPE,0.7729445010175517,0.04877034688348108,0.7673531020715733,0.6905946135934713,0.8803580887853013
datasets\x264\blue_sky_1080p25_short.y4m.csv,LinearRegression,MAE,3.136813289170156,0.06205438743605164,3.137038491515007,3.0040649532881014,3.2442559832285807
datasets\x264\blue_sky_1080p25_short.y4m.csv,LinearRegression,RMSE,4.065079152835833,0.10389058344179643,4.070714180422625,3.8299284050704454,4.236050666857834
datasets\x264\blue_sky_1080p25_short.y4m.csv,RandomForest,MAPE,0.12200803742305424,0.004872087562884808,0.12167913156604766,0.11387937970230962,0.13067161921902948
datasets\x264\blue_sky_1080p25_short.y4m.csv,RandomForest,MAE,1.1788639535776604,0.07441331542031335,1.1786925469371368,1.028160503913022,1.371480397186533
datasets\x264\blue_sky_1080p25_short.y4m.csv,RandomForest,RMSE,2.7000784124466444,0.14192835563231435,2.711174845415939,2.3318517080774233,2.974660592703216
datasets\x264\pedestrian_area_1080p25_short.y4m.csv,LinearRegression,MAPE,0.7054967866647276,0.04382158236799856,0.7052422546445465,0.6251208996487786,0.7926148294893853
datasets\x264\pedestrian_area_1080p25_short.y4m.csv,LinearRegression,MAE,3.565215857009986,0.07627770507196853,3.5682502245501433,3.413109027224442,3.704665307011998
datasets\x264\pedestrian_area_1080p25_short.y4m.csv,LinearRegression,RMSE,4.633252846110201,0.11727841089993504,4.642734949157724,4.380767126542613,4.849895091327906
datasets\x264\pedestrian_area_1080p25_short.y4m.csv,RandomForest,MAPE,0.12130417205391311,0.004790629012367042,0.12129716416178334,0.1130605842687868,0.12980863436660048
datasets\x264\pedestrian_area_1080p25_short.y4m.csv,RandomForest,MAE,1.3828975271114463,0.08510123959348809,1.3746794279596206,1.1961409272288501,1.584197274459571
datasets\x264\pedestrian_area_1080p25_short.y4m.csv,RandomForest,RMSE,3.121957170721899,0.16087791710239507,3.126746461343714,2.7152068466778774,3.414282955529646
datasets\x264\riverbed_1080p25_short.y4m.csv,LinearRegression,MAPE,0.6496582205248934,0.03864417794692442,0.6520127052985899,0.576295124744932,0.7276046107302713
datasets\x264\riverbed_1080p25_short.y4m.csv,LinearRegression,MAE,6.663945727843968,0.15904211869672247,6.662086963625718,6.35482748132031,6.945327884468628
datasets\x264\riverbed_1080p25_short.y4m.csv,LinearRegression,RMSE,8.874245250885568,0.26471110323566527,8.879452408539208,8.365354909215178,9.428101940715269
datasets\x264\riverbed_1080p25_short.y4m.csv,RandomForest,MAPE,0.12447384173045054,0.004864218360830774,0.12478362503289187,0.11612657185267604,0.13385599466075962
datasets\x264\riverbed_1080p25_short.y4m.csv,RandomForest,MAE,2.6589940607516738,0.1619069132620166,2.6627713017168846,2.3269211986973577,3.010101322121104
datasets\x264\riverbed_1080p25_short.y4m.csv,RandomForest,RMSE,6.017621916129799,0.33113129734516755,6.052846981712284,5.109642837169369,6.591008039798684
datasets\x264\sd_bridge_close_cif_short.y4m.csv,LinearRegression,MAPE,0.5127942588734246,0.026566000780962364,0.5149982684761885,0.46019554614131003,0.5682875076620515
datasets\x264\sd_bridge_close_cif_short.y4m.csv,LinearRegression,MAE,0.14143949077460752,0.0029115096622825375,0.14114570332611076,0.135414229579547,0.14624927591465292
datasets\x264\sd_bridge_close_cif_short.y4m.csv,LinearRegression,RMSE,0.18215958030952928,0.004603829860830357,0.1821841646916333,0.17158119658879004,0.1898814700169809
datasets\x264\sd_bridge_close_cif_short.y4m.csv,RandomForest,MAPE,0.08989014675233732,0.003608424813018269,0.08999475563247775,0.0831877562247922,0.09602253389785012
datasets\x264\sd_bridge_close_cif_short.y4m.csv,RandomForest,MAE,0.05183553849857805,0.003212520948791698,0.051676290309217845,0.044822957517589496,0.05915303620288221
datasets\x264\sd_bridge_close_cif_short.y4m.csv,RandomForest,RMSE,0.1134266991158485,0.00589992334821882,0.11436696364957548,0.09773800611561329,0.12406573106392252
datasets\x264\sd_city_4cif_short.y4m.csv,LinearRegression,MAPE,0.8175308881948619,0.052977166742041726,0.8188886172388727,0.7238207418819713,0.9249532249419473
datasets\x264\sd_city_4cif_short.y4m.csv,LinearRegression,MAE,1.4780315658690306,0.029200715228213825,1.4797164071358957,1.4170380957262785,1.5340157185566552
datasets\x264\sd_city_4cif_short.y4m.csv,LinearRegression,RMSE,1.9084679830845368,0.04434599263080834,1.9075248921095809,1.8022716426070087,2.0018646494259174
datasets\x264\sd_city_4cif_short.y4m.csv,RandomForest,MAPE,0.12287133044209277,0.004890516056755317,0.1226230382977119,0.11399188783341462,0.1326053254034172
datasets\x264\sd_city_4cif_short.y4m.csv,RandomForest,MAE,0.5435730281028008,0.03432466118328554,0.5457708860061696,0.4639101147777099,0.6272462464736074
datasets\x264\sd_city_4cif_short.y4m.csv,RandomForest,RMSE,1.2602095296515379,0.06688886348783993,1.260898236933229,1.0806897414214538,1.3739454500819024
datasets\x264\sd_crew_cif_short.y4m.csv,LinearRegression,MAPE,0.6143422082311897,0.03416412471008258,0.6173207499993743,0.5512303077891249,0.6805647509141493
datasets\x264\sd_crew_cif_short.y4m.csv,LinearRegression,MAE,0.24556172844150498,0.0053656120354454336,0.24581159145195186,0.2353141173879831,0.25597597861397225
datasets\x264\sd_crew_cif_short.y4m.csv,LinearRegression,RMSE,0.31946963907059767,0.008345953999503773,0.31913958587440033,0.3035171928431989,0.33710121056781295
datasets\x264\sd_crew_cif_short.y4m.csv,RandomForest,MAPE,0.10593735619738959,0.004189480034447785,0.1059874885259463,0.098675869483968,0.11418893236257915
datasets\x264\sd_crew_cif_short.y4m.csv,RandomForest,MAE,0.09186487022095896,0.005796522093370401,0.09132599511190986,0.08053663310220585,0.10554294891404097
datasets\x264\sd_crew_cif_short.y4m.csv,RandomForest,RMSE,0.20887277346882283,0.010798876469687024,0.21125883162817538,0.17927278184410259,0.22734174863984957
datasets\x264\sintel_trailer_2k_720p24_short.y4m.csv,LinearRegression,MAPE,0.5082370093820635,0.024799401954662993,0.5077291347468031,0.4696205733651955,0.5647016230419653
datasets\x264\sintel_trailer_2k_720p24_short.y4m.csv,LinearRegression,MAE,0.36944064207298355,0.007813064401656413,0.3706564632709071,0.3542062723526277,0.3836830362744347
datasets\x264\sintel_trailer_2k_720p24_short.y4m.csv,LinearRegression,RMSE,0.4663982282877724,0.011017243220369155,0.46679314802033933,0.44167871419327287,0.4853998125089392
datasets\x264\sintel_trailer_2k_720p24_short.y4m.csv,RandomForest,MAPE,0.09565241091331625,0.003717465640974162,0.09555075795052037,0.08902145674177869,0.10450216108222732
datasets\x264\sintel_trailer_2k_720p24_short.y4m.csv,RandomForest,MAE,0.14340502745487915,0.009139533424331093,0.14302092196050442,0.12457981061571663,0.1657854599393289
datasets\x264\sintel_trailer_2k_720p24_short.y4m.csv,RandomForest,RMSE,0.32754187247327493,0.018442846157611874,0.32774150829457965,0.28464792367679337,0.3673043646976787
datasets\xz\ambivert.wav.tar.csv,LinearRegression,MAPE,1.3584989645761154,0.06860088267612391,1.3629731513279646,1.2364599492005512,1.474870242247172
datasets\xz\ambivert.wav.tar.csv,LinearRegression,MAE,13.200010782131983,0.3643076113886133,13.171664477032287,12.676041527952773,13.958756256589611
datasets\xz\ambivert.wav.tar.csv,LinearRegression,RMSE,17.11064737840201,0.4801622572341443,17.0323810147237,16.322148994721132,18.078701028766876
datasets\xz\ambivert.wav.tar.csv,RandomForest,MAPE,0.02470658230882141,0.0012514225679121649,0.02461876149593082,0.022576566648069327,0.02835082621791224
datasets\xz\ambivert.wav.tar.csv,RandomForest,MAE,0.5821850559171078,0.04230696176154655,0.5789157008597863,0.4973102875000012,0.6778555630290983
datasets\xz\ambivert.wav.tar.csv,RandomForest,RMSE,1.4377178236900618,0.16232058734407206,1.4328055231235368,1.110101012742123,1.71833368210191
datasets\xz\artificl.tar.csv,LinearRegression,MAPE,0.2867475652858272,0.011156917290792157,0.28716907161404925,0.2634280276265113,0.3108978563349194
datasets\xz\artificl.tar.csv,LinearRegression,MAE,0.006339993366701908,0.00013666370762345522,0.006352025731529626,0.006098204309673077,0.006611538535873905
datasets\xz\artificl.tar.csv,LinearRegression,RMSE,0.007541254514656383,0.00013619450510920996,0.007532718843709148,0.0072776059950668374,0.007755833950210408
datasets\xz\artificl.tar.csv,RandomForest,MAPE,0.3000623696597254,0.011344278879203896,0.2988661838323711,0.2773377686838623,0.3242854239417986
datasets\xz\artificl.tar.csv,RandomForest,MAE,0.006686347297879595,0.0001531609181868938,0.006680705489417994,0.006434284722222223,0.00694864477513228
datasets\xz\artificl.tar.csv,RandomForest,RMSE,0.008122525078867503,0.00014385008395637576,0.008119366784240778,0.007853885821010506,0.008429252271542965
datasets\xz\deepfield.tar.csv,LinearRegression,MAPE,0.6185423665297337,0.023543926350143626,0.6221454532740115,0.5652216342743295,0.6579310167307842
datasets\xz\deepfield.tar.csv,LinearRegression,MAE,5.671469352920798,0.13065271136759501,5.659819936993668,5.399526508202563,6.002245367354227
datasets\xz\deepfield.tar.csv,LinearRegression,RMSE,7.807863115300177,0.5148695012910337,7.800134193098864,6.705420675528405,8.739345228852054
datasets\xz\deepfield.tar.csv,RandomForest,MAPE,0.026198961650006417,0.0014886134849608356,0.02587273170049223,0.024368480107871477,0.03152339848575499
datasets\xz\deepfield.tar.csv,RandomForest,MAE,0.37629863675254466,0.01955648403778223,0.37570467503306937,0.3345861028108455,0.40900632645502744
datasets\xz\deepfield.tar.csv,RandomForest,RMSE,0.6843642968525993,0.0996585070717805,0.6615587959428177,0.5116059783270934,0.9134662321161603
datasets\xz\enwik8.tar.csv,LinearRegression,MAPE,1.9928233360840817,0.09996216756649992,1.995553215433678,1.7616588561929174,2.2174362383420743
datasets\xz\enwik8.tar.csv,LinearRegression,MAE,71.49690747278889,1.8096415856562593,71.46898487820599,68.07257274873389,75.52479567275344
datasets\xz\enwik8.tar.csv,LinearRegression,RMSE,94.67632078064206,3.741343742498606,94.56958551848474,87.1206028449942,101.23090625885312
datasets\xz\enwik8.tar.csv,RandomForest,MAPE,0.07568938418737428,0.0047230214166175686,0.07473733558183293,0.06731863251861513,0.08623146570260513
datasets\xz\enwik8.tar.csv,RandomForest,MAE,9.901572442423943,0.8238282720093547,9.999857444812715,8.499483369345244,11.25975536827802
datasets\xz\enwik8.tar.csv,RandomForest,RMSE,35.2473600589809,4.168932493556414,36.14398742750963,25.40812352043624,42.958445196447286
datasets\xz\fannie_mae_500k.tar.csv,LinearRegression,MAPE,0.9110145890171444,0.040769758652895005,0.9055602158599445,0.8438426066391542,0.9800525398658029
datasets\xz\fannie_mae_500k.tar.csv,LinearRegression,MAE,30.12336075048403,0.6149593032100572,30.135207425817686,28.903451933951867,31.589858862261924
datasets\xz\fannie_mae_500k.tar.csv,LinearRegression,RMSE,36.11567125785949,0.6925549083012198,36.17516405137914,34.73683714497904,37.39973996156499
datasets\xz\fannie_mae_500k.tar.csv,RandomForest,MAPE,0.02434964936769144,0.0016628664119374796,0.02455937633231403,0.020700499771937494,0.027335200233850176
datasets\xz\fannie_mae_500k.tar.csv,RandomForest,MAE,0.9884819446123961,0.05341433848487135,0.9839174036871743,0.8719347559523809,1.0909648131613803
datasets\xz\fannie_mae_500k.tar.csv,RandomForest,RMSE,1.7002398788573894,0.22601691288928338,1.6696712749323335,1.4112719844288237,2.4097206538689395
datasets\xz\large.tar.csv,LinearRegression,MAPE,0.43109375305353825,0.018516468090563128,0.4300873908084433,0.4001489554010005,0.4698868140915795
datasets\xz\large.tar.csv,LinearRegression,MAE,1.8620257420162631,0.03801762544140801,1.8658444815608708,1.7700793286327137,1.9141027725096724
datasets\xz\large.tar.csv,LinearRegression,RMSE,2.301517572695725,0.041251198760763705,2.3000229033401483,2.214331700609291,2.3953561687680596
datasets\xz\large.tar.csv,RandomForest,MAPE,0.021860782722476223,0.001412146441434575,0.02142860240763486,0.01982200708553427,0.025649720475955727
datasets\xz\large.tar.csv,RandomForest,MAE,0.10373385721450562,0.0045649048605407375,0.10397443331679818,0.09362854318782944,0.11439061894841217
datasets\xz\large.tar.csv,RandomForest,RMSE,0.1560335347462396,0.012322763424440022,0.15520861512671885,0.13121769724068408,0.1798265096585152
datasets\xz\misc.tar.csv,LinearRegression,MAPE,0.22619764844240295,0.005300763248972179,0.22644502834183028,0.21633336429519598,0.2365247059377527
datasets\xz\misc.tar.csv,LinearRegression,MAE,0.08733625595156273,0.0023355082553632406,0.08653831314643068,0.08362118901885332,0.09260378497872007
datasets\xz\misc.tar.csv,LinearRegression,RMSE,0.11682710071698921,0.006553122192222376,0.11632514365263327,0.10545173774504671,0.1314262705542842
datasets\xz\misc.tar.csv,RandomForest,MAPE,0.04638570755013552,0.0015758422824411402,0.04682398259866978,0.043615585082324416,0.04926059569745286
datasets\xz\misc.tar.csv,RandomForest,MAE,0.020797391717772968,0.0013547393085162152,0.021065341848544986,0.018172127513227495,0.023635438041125577
datasets\xz\misc.tar.csv,RandomForest,RMSE,0.05116854143586968,0.006020748558227429,0.05103413214069974,0.04125308544125836,0.06337719463160024
datasets\xz\silesia.tar.csv,LinearRegression,MAPE,0.9475311930464314,0.04465399933735748,0.9453489280032819,0.8692661771455664,1.0363519264265009
datasets\xz\silesia.tar.csv,LinearRegression,MAE,61.69713802237366,1.4956611695103292,61.61102295446683,58.50811900558489,64.61803354708329
datasets\xz\silesia.tar.csv,LinearRegression,RMSE,78.15751205131733,2.2790831080438787,78.19548469681666,73.74925025442187,82.01136492645567
datasets\xz\silesia.tar.csv,RandomForest,MAPE,0.023106027340922358,0.0016106636558959487,0.022661759756961854,0.020982657854810557,0.026775703474742507
datasets\xz\silesia.tar.csv,RandomForest,MAE,2.610069533241338,0.1895079716854844,2.6168116477513186,2.2396862863425997,2.9896152272486596
datasets\xz\silesia.tar.csv,RandomForest,RMSE,5.5199088172248025,0.6044256251967426,5.445482820414492,4.19672159112818,6.453419795661578
datasets\xz\uiq-32.bin.csv,LinearRegression,MAPE,1.1985835727591008,0.052730615644619554,1.2036015700233076,1.0987076214965805,1.2898883687750444
datasets\xz\uiq-32.bin.csv,LinearRegression,MAE,72.80107266066378,1.8682430637731524,72.87248255347339,69.27939762416689,77.71550492538246
datasets\xz\uiq-32.bin.csv,LinearRegression,RMSE,93.22877050641252,3.104574181714296,93.56597758278409,86.85932304520391,98.5563307418587
datasets\xz\uiq-32.bin.csv,RandomForest,MAPE,0.061657149474936654,0.0041185934148614475,0.061642347303219644,0.05493037508553216,0.0695241609534312
datasets\xz\uiq-32.bin.csv,RandomForest,MAE,10.726885693090832,0.9848484246685686,10.856945956498024,8.547129519246031,12.963048132308218
datasets\xz\uiq-32.bin.csv,RandomForest,RMSE,31.338453440376618,3.4901492692489233,31.95075624788872,23.83174615135623,38.23422771160572
datasets\xz\uiq2-16.bin.csv,LinearRegression,MAPE,1.0776450833478284,0.048336032759086975,1.0829519187082208,0.9843466984128733,1.1725154778937106
datasets\xz\uiq2-16.bin.csv,LinearRegression,MAE,32.1684885921927,0.899766020682432,32.17256837489207,30.609021786683734,35.03615681393997
datasets\xz\uiq2-16.bin.csv,LinearRegression,RMSE,42.794106743354256,2.332215155383625,42.5581388272096,39.1610563974915,49.64425552207706
datasets\xz\uiq2-16.bin.csv,RandomForest,MAPE,0.06754091374590065,0.0033799008191022157,0.06754934842893705,0.059450554092326066,0.07407945701196744
datasets\xz\uiq2-16.bin.csv,RandomForest,MAE,5.162529005318867,0.46399248936769294,5.194928380687836,4.2980943432539735,6.114569048115079
datasets\xz\uiq2-16.bin.csv,RandomForest,RMSE,16.312419170749298,2.408732340437198,16.53431858604555,10.630306417267425,21.01814245312912
datasets\xz\uiq2-4.bin.csv,LinearRegression,MAPE,0.6159090826242524,0.02507927537721049,0.6173502460442735,0.5604915266976324,0.6694770666788569
datasets\xz\uiq2-4.bin.csv,LinearRegression,MAE,4.299988671164625,0.11047742202151717,4.300880634803933,4.109765516198229,4.636397532508169
datasets\xz\uiq2-4.bin.csv,LinearRegression,RMSE,5.881368311139373,0.3046920160283581,5.896521394157148,5.345570938427689,6.591929965056102
datasets\xz\uiq2-4.bin.csv,RandomForest,MAPE,0.024613312752320267,0.001800025076911281,0.02413633904611609,0.022332077206400708,0.03114799190122722
datasets\xz\uiq2-4.bin.csv,RandomForest,MAE,0.24913009495921518,0.01355953904938447,0.2493176038690479,0.21939888045634973,0.28052077837301576
datasets\xz\uiq2-4.bin.csv,RandomForest,RMSE,0.45922079835947666,0.05989756416589059,0.45366975767208934,0.3727772375900483,0.6879692177528886
datasets\xz\uiq2-8.bin.csv,LinearRegression,MAPE,0.8198542346494025,0.03650683860381898,0.8277410597332073,0.7390054485897138,0.8781376323491241
datasets\xz\uiq2-8.bin.csv,LinearRegression,MAE,11.902896855335124,0.3317149020493866,11.932294524066506,11.339345838949672,12.85924825121574
datasets\xz\uiq2-8.bin.csv,LinearRegression,RMSE,16.361252537292142,0.9630891299066788,16.020105460090477,14.75652489867357,18.135850459348895
datasets\xz\uiq2-8.bin.csv,RandomForest,MAPE,0.06419595470891631,0.003625115127794633,0.0633864217953583,0.05973658504105875,0.0761956915902154
datasets\xz\uiq2-8.bin.csv,RandomForest,MAE,2.101171281222844,0.14927259989026478,2.111965267509921,1.8054914217923312,2.3563208315566375
datasets\xz\uiq2-8.bin.csv,RandomForest,RMSE,6.2902545683263895,0.8401899600690075,6.390594303507154,4.762001825169612,7.869174628238319
datasets\xz\vmlinux-5.10.tar.csv,LinearRegression,MAPE,0.28453578285768977,0.009062506552999176,0.28323196576637727,0.2697127216931896,0.3076445819109774
datasets\xz\vmlinux-5.10.tar.csv,LinearRegression,MAE,1.8636843981408902,0.043425285338468816,1.8526591149982028,1.7855209904595206,1.9774897636751807
datasets\xz\vmlinux-5.10.tar.csv,LinearRegression,RMSE,2.2649282327313,0.0576844542976851,2.267663469323188,2.1439317693202313,2.3913360871831433
datasets\xz\vmlinux-5.10.tar.csv,RandomForest,MAPE,0.020393185724996356,0.0010827521525392345,0.02016810472976934,0.018087438527352166,0.02259015925422036
datasets\xz\vmlinux-5.10.tar.csv,RandomForest,MAE,0.15314463075547172,0.00784624774871974,0.15314640722552975,0.1395302007936509,0.17582538921957674
datasets\xz\vmlinux-5.10.tar.csv,RandomForest,RMSE,0.2495115625566314,0.04642988645251067,0.23077808755624593,0.20653613908130738,0.4389150587768664
datasets\z3\AUFNIRA_z3.637557.smt2.csv,LinearRegression,MAPE,7.417905376854607,0.4315444781280003,7.373358763008451,6.75582534173923,8.207988155497516
datasets\z3\AUFNIRA_z3.637557.smt2.csv,LinearRegression,MAE,89.00595622142987,1.7992863388187812,88.95928875074708,86.54163195852236,93.34012477129403
datasets\z3\AUFNIRA_z3.637557.smt2.csv,LinearRegression,RMSE,100.8785453998781,2.0793101206930005,101.06174274060137,97.867070345014,105.285027607552
datasets\z3\AUFNIRA_z3.637557.smt2.csv,RandomForest,MAPE,0.003707101081391702,0.0001396294932435022,0.0036808590235545844,0.003521269907528712,0.004044998758263993
datasets\z3\AUFNIRA_z3.637557.smt2.csv,RandomForest,MAE,0.30157783278326933,0.026095939647159554,0.2968246699670042,0.25758201320131047,0.35682673267320575
datasets\z3\AUFNIRA_z3.637557.smt2.csv,RandomForest,RMSE,0.5709414570899978,0.038280404006444654,0.5635131089094652,0.508624265112315,0.647602124902423
datasets\z3\LRA_formula_277.smt2.csv,LinearRegression,MAPE,0.1117029911342844,0.0038194933285068374,0.1107166034270515,0.10633263771457878,0.12199789592776256
datasets\z3\LRA_formula_277.smt2.csv,LinearRegression,MAE,0.31622179770149333,0.0024115632653218862,0.31636882115831666,0.31184190371037,0.32448350596720027
datasets\z3\LRA_formula_277.smt2.csv,LinearRegression,RMSE,0.321819498037403,0.0034720789608525485,0.32139404342732525,0.3154254962884131,0.3325186115399459
datasets\z3\LRA_formula_277.smt2.csv,RandomForest,MAPE,0.0032644737642859513,0.0001954491618826001,0.0032738023205387064,0.002848688989967879,0.00373448766491785
datasets\z3\LRA_formula_277.smt2.csv,RandomForest,MAE,0.008945110010999839,0.00047221473745781193,0.008945544554454397,0.008047359735971555,0.009982838283827424
datasets\z3\LRA_formula_277.smt2.csv,RandomForest,RMSE,0.01566666770275727,0.0010885980869929231,0.01604984853259122,0.013837735690599736,0.017200277503710476
datasets\z3\QF_AUFBV_891_sqlite3.smt2.csv,LinearRegression,MAPE,5.2052369352997365,1.6066698560828392,4.971105215984806,2.5864117310344397,8.999145272591239
datasets\z3\QF_AUFBV_891_sqlite3.smt2.csv,LinearRegression,MAE,9.989161015372588,0.3858494912949399,10.014357442864274,9.207637287075572,10.5579817124854
datasets\z3\QF_AUFBV_891_sqlite3.smt2.csv,LinearRegression,RMSE,13.190383536026598,0.982947967749646,13.056602805848993,11.48463764910621,15.581820156070556
datasets\z3\QF_AUFBV_891_sqlite3.smt2.csv,RandomForest,MAPE,0.04266655001156436,0.036281006128916944,0.03201732060623882,0.012414092217248561,0.17204140262752254
datasets\z3\QF_AUFBV_891_sqlite3.smt2.csv,RandomForest,MAE,0.40869167583424887,0.06390745519766944,0.41325998349834747,0.2868326732673261,0.5410480198019821
datasets\z3\QF_AUFBV_891_sqlite3.smt2.csv,RandomForest,RMSE,1.1386829117260182,0.18538387343344317,1.1415547201475986,0.7839134398567926,1.408493625108715
datasets\z3\QF_AUFLIA_swap_t1_pp_nf_ai_00010_002.cvc.smt2.csv,LinearRegression,MAPE,0.13028968025762908,0.0042827892739148495,0.13060847006430182,0.11991038906509804,0.13758725928787
datasets\z3\QF_AUFLIA_swap_t1_pp_nf_ai_00010_002.cvc.smt2.csv,LinearRegression,MAE,0.9635990990184379,0.03139831639013317,0.9605940095828444,0.903080184884685,1.0374737717058002
datasets\z3\QF_AUFLIA_swap_t1_pp_nf_ai_00010_002.cvc.smt2.csv,LinearRegression,RMSE,1.183454063757819,0.03912649960072762,1.1757581008272764,1.1079955115715707,1.2672452127229008
datasets\z3\QF_AUFLIA_swap_t1_pp_nf_ai_00010_002.cvc.smt2.csv,RandomForest,MAPE,0.004207611708241207,0.00015214180947653675,0.004206149936032048,0.0039221229201414735,0.004670277104629103
datasets\z3\QF_AUFLIA_swap_t1_pp_nf_ai_00010_002.cvc.smt2.csv,RandomForest,MAE,0.03604826732673247,0.0014623545320055938,0.0363153465346544,0.03321419141914143,0.04007227722772254
datasets\z3\QF_AUFLIA_swap_t1_pp_nf_ai_00010_002.cvc.smt2.csv,RandomForest,RMSE,0.05477696872609645,0.0025460221892361756,0.05518958232252566,0.049308878209677845,0.059487318447762116
datasets\z3\QF_BV_bench_3176.smt2.csv,LinearRegression,MAPE,9.858815181673327,0.5578255543962061,9.737393061657912,9.057221428044521,10.876395484873601
datasets\z3\QF_BV_bench_3176.smt2.csv,LinearRegression,MAE,131.8121892752393,3.9234789139382764,132.55492159532906,123.93380561951612,138.04602308420309
datasets\z3\QF_BV_bench_3176.smt2.csv,LinearRegression,RMSE,151.2041447290979,4.176007050210303,152.24611354406946,144.73565150035745,159.975600629789
datasets\z3\QF_BV_bench_3176.smt2.csv,RandomForest,MAPE,0.008956826699891562,0.0007717989951966004,0.00887262867967607,0.007711813216493615,0.010774737088173994
datasets\z3\QF_BV_bench_3176.smt2.csv,RandomForest,MAE,1.4098334525119287,0.1362642525309577,1.4150427942794495,1.1656509900990073,1.7791059405940257
datasets\z3\QF_BV_bench_3176.smt2.csv,RandomForest,RMSE,3.3780458797489255,0.36358371715119986,3.4045459976036403,2.7191212376336944,4.475482066493747
datasets\z3\QF_BV_bench_935.smt2.csv,LinearRegression,MAPE,16.645400088072225,0.9947027760728787,16.484350110861534,15.14805339261505,18.999622586821612
datasets\z3\QF_BV_bench_935.smt2.csv,LinearRegression,MAE,93.15484766327192,1.2458840909496511,93.22644931017656,91.1072557505788,96.24213681946321
datasets\z3\QF_BV_bench_935.smt2.csv,LinearRegression,RMSE,97.0161872145248,1.265253153246531,96.94786884084141,94.68984755032092,99.50588684474627
datasets\z3\QF_BV_bench_935.smt2.csv,RandomForest,MAPE,0.006834784646979285,0.00034391141045716025,0.006868314904412643,0.006268590501494959,0.007683110739764258
datasets\z3\QF_BV_bench_935.smt2.csv,RandomForest,MAE,0.9923265786578791,0.08731688215918924,0.9944150990099018,0.7796834983498445,1.1680760726072776
datasets\z3\QF_BV_bench_935.smt2.csv,RandomForest,RMSE,2.305777387603442,0.13498999104694487,2.3238620932011473,2.023871448482705,2.626760770086886
datasets\z3\QF_LIA_tightrhombus.csv,LinearRegression,MAPE,0.7376472852392139,0.10632657553001852,0.7334945395196737,0.5746203020296763,0.9794245799997284
datasets\z3\QF_LIA_tightrhombus.csv,LinearRegression,MAE,0.5831992610610581,0.034063901769956585,0.582975375555703,0.508578739354603,0.6611620674589208
datasets\z3\QF_LIA_tightrhombus.csv,LinearRegression,RMSE,0.7965417500931069,0.02876766661789012,0.7939260082616408,0.723421035888061,0.8641856882098976
datasets\z3\QF_LIA_tightrhombus.csv,RandomForest,MAPE,0.008081971387791617,0.0012020761571693162,0.00797890255530742,0.006820726372307464,0.012983161844307166
datasets\z3\QF_LIA_tightrhombus.csv,RandomForest,MAE,0.010429583791714723,0.00056988097042854,0.010351980198022677,0.008934488448847375,0.011438613861388364
datasets\z3\QF_LIA_tightrhombus.csv,RandomForest,RMSE,0.017672567033705015,0.00091620392858633,0.017833200202472806,0.015620496446686696,0.01929095767075395
datasets\z3\QF_LRA_clocksynchro_7clocks.worst_case_skew.induct.smt2.csv,LinearRegression,MAPE,0.05343011820046089,0.0019726575971273723,0.05310965453191474,0.050100200862960145,0.05853901946450746
datasets\z3\QF_LRA_clocksynchro_7clocks.worst_case_skew.induct.smt2.csv,LinearRegression,MAE,0.7321995844714341,0.019642485431419526,0.7290207444384617,0.6953583027217789,0.77830939529503
datasets\z3\QF_LRA_clocksynchro_7clocks.worst_case_skew.induct.smt2.csv,LinearRegression,RMSE,0.8670122660718221,0.018751196044657192,0.8646104479220573,0.8274284516253709,0.9014311307221513
datasets\z3\QF_LRA_clocksynchro_7clocks.worst_case_skew.induct.smt2.csv,RandomForest,MAPE,0.0011829112164320175,5.2424829964906295e-05,0.001185501092169387,0.0010744857861329049,0.001326089875662673
datasets\z3\QF_LRA_clocksynchro_7clocks.worst_case_skew.induct.smt2.csv,RandomForest,MAE,0.016804883571689792,0.0008411511644140423,0.01679389438943757,0.014885313531353772,0.0191401265126503
datasets\z3\QF_LRA_clocksynchro_7clocks.worst_case_skew.induct.smt2.csv,RandomForest,RMSE,0.024498176614672854,0.0015592259452456702,0.024503357050251202,0.020643324842696,0.027533471716602528
datasets\z3\QF_NRA_hong_9.smt2.csv,LinearRegression,MAPE,0.00211093459360877,0.00011911478791093212,0.0021153583801787035,0.0018708540290468035,0.0023218361887673094
datasets\z3\QF_NRA_hong_9.smt2.csv,LinearRegression,MAE,0.009125728699372964,0.0004776656532322181,0.009050734032398956,0.008240136599583324,0.010079812334528973
datasets\z3\QF_NRA_hong_9.smt2.csv,LinearRegression,RMSE,0.01565689829332058,0.0018743853283130312,0.015588804799461746,0.01281487852359781,0.01933494111375085
datasets\z3\QF_NRA_hong_9.smt2.csv,RandomForest,MAPE,0.0022844468460609746,0.00015010234170099925,0.0022823219366438757,0.001960783107594741,0.002600458247619416
datasets\z3\QF_NRA_hong_9.smt2.csv,RandomForest,MAE,0.009833069306931366,0.0005821766672015537,0.009780363036305074,0.008714686468646331,0.011078217821782841
datasets\z3\QF_NRA_hong_9.smt2.csv,RandomForest,RMSE,0.017058382010094287,0.0015213436567070272,0.01755950002190949,0.014025402166804268,0.019113905138326222
datasets\z3\QF_RDL_orb08_888.smt2.csv,LinearRegression,MAPE,0.028088103166952132,0.0009012312470298395,0.02814913634780867,0.026437657360661667,0.030221267883552456
datasets\z3\QF_RDL_orb08_888.smt2.csv,LinearRegression,MAE,0.2599382089886683,0.008182425464885767,0.258541859603192,0.245067834902572,0.2859126119627382
datasets\z3\QF_RDL_orb08_888.smt2.csv,LinearRegression,RMSE,0.33050431405599806,0.008591328460896674,0.3303248394678139,0.31711087051298503,0.35249012586159884
datasets\z3\QF_RDL_orb08_888.smt2.csv,RandomForest,MAPE,0.003959664180808119,0.0001536483885457003,0.003957352120712429,0.003716254528835656,0.004264274414571698
datasets\z3\QF_RDL_orb08_888.smt2.csv,RandomForest,MAE,0.04014585029336257,0.001651657591912864,0.04027017326732696,0.03718976897689681,0.04315566556655726
datasets\z3\QF_RDL_orb08_888.smt2.csv,RandomForest,RMSE,0.053123266932098304,0.0022044679981337518,0.052585737610198746,0.0495357461689511,0.05710065529381781
datasets\z3\QF_UFLIA_xs_23_43.smt2.csv,LinearRegression,MAPE,0.35918161599100557,0.02081586437066895,0.36106506664351956,0.3192148828397207,0.3928023760887479
datasets\z3\QF_UFLIA_xs_23_43.smt2.csv,LinearRegression,MAE,8.072322690595549,0.23681138130454532,8.053744114867225,7.65452780431513,8.551829980864172
datasets\z3\QF_UFLIA_xs_23_43.smt2.csv,LinearRegression,RMSE,9.80309463931947,0.3228588710624575,9.712721532975609,9.28577083111907,10.502686037250768
datasets\z3\QF_UFLIA_xs_23_43.smt2.csv,RandomForest,MAPE,0.00545239776984712,0.0003220421189380753,0.005396628211364475,0.00481971741945506,0.006176244155912704
datasets\z3\QF_UFLIA_xs_23_43.smt2.csv,RandomForest,MAE,0.17963395214521619,0.014428642793544555,0.17663250825082522,0.15942772277227824,0.2168300330033009
datasets\z3\QF_UFLIA_xs_23_43.smt2.csv,RandomForest,RMSE,0.37743137484079126,0.04470430802055567,0.37780718464755775,0.3044451370557589,0.5050735125234823
datasets\z3\QF_UF_PEQ018_size6.smt2.csv,LinearRegression,MAPE,9.334748328188443,0.9592424081312921,9.353085591908663,7.441905137989427,11.26256454150911
datasets\z3\QF_UF_PEQ018_size6.smt2.csv,LinearRegression,MAE,164.31351853325717,4.015580842549205,164.5517279668859,156.2982535606044,171.66455838804535
datasets\z3\QF_UF_PEQ018_size6.smt2.csv,LinearRegression,RMSE,206.99158758962767,6.31332921248674,206.8071610185175,197.53070622307382,225.28629138373526
datasets\z3\QF_UF_PEQ018_size6.smt2.csv,RandomForest,MAPE,0.005144027972282296,0.00025343192101124257,0.005176014443538876,0.004673933898050828,0.005701157961119564
datasets\z3\QF_UF_PEQ018_size6.smt2.csv,RandomForest,MAE,0.3460463916391722,0.03465583341455344,0.34885882838286886,0.29557764026401945,0.4396651815181353
datasets\z3\QF_UF_PEQ018_size6.smt2.csv,RandomForest,RMSE,0.643893027518488,0.05865542428458406,0.6490489332962023,0.5296068493402144,0.7659062905469102
